<manifest projecttype="ACCOUNTCUSTOMIZATION">
  <projectname>DemoProject</projectname>
  <frameworkversion>1.0</frameworkversion>
  <dependencies>
    <features>
      <feature required="false">WEBSERVICES</feature>
      <feature required="false">ADVRECEIVING</feature>
      <feature required="false">IPADDRESSRULES</feature>
      <feature required="false">PAYABLES</feature>
      <feature required="false">RECEIVABLES</feature>
      <feature required="false">EXPREPORTS</feature>
      <feature required="false">OPPORTUNITIES</feature>
      <feature required="false">ACCOUNTING</feature>
      <feature required="false">CRM</feature>
      <feature required="true">WORKFLOW</feature>
      <feature required="true">SERVERSIDESCRIPTING</feature>
    </features>
    <objects>
      <object>custcol_sdf_trans_line</object>
      <object>custbody_sii_spcl_scheme_code_purchase</object>
      <object>custbody_sii_property_location</object>
      <object>custbody_sdf_body_field</object>
      <object>custbody_nondeductible_ref_tran</object>
      <object>custbody_esc_campaign_category</object>
      <object>custcol_5892_eutriangulation</object>
      <object>custbody_date_of_taxable_supply</object>
      <object>custbody_nsts_gaw_trans_org_amt</object>
      <object>custcol_nondeductible_account</object>
      <object>custbody_nexus_notc</object>
      <object>custbody_nsts_gaw_apprvl_status</object>
      <object>custbody_sii_land_register</object>
      <object>custbody_sii_exempt_details</object>
      <object>custcol_statistical_procedure_sale</object>
      <object>custbody_nsts_order_type</object>
      <object>custcol_emirate</object>
      <object>custcol_atlas_contract_end_date</object>
      <object>custtab_8_3838944_670</object>
      <object>custbody_cash_register</object>
      <object>custbody_sii_orig_invoice</object>
      <object>custbody_nsts_gaw_created_by</object>
      <object>custtab_9_4533432_230</object>
      <object>custbody_nsts_gaw_rejection_reason</object>
      <object>custbody_stc_tax_after_discount</object>
      <object>custbody_11187_pref_entity_bank</object>
      <object>custbody_sii_spcl_scheme_code_sales</object>
      <object>custbody_atlas_block_col_email</object>
      <object>custbody_sii_intra_txn_type</object>
      <object>custbody_nsts_gaw_superapp_approved</object>
      <object>custbody_stc_total_after_discount</object>
      <object>customrecord_11724_bank_fee_sched</object>
      <object>custbody_adjustment_journal</object>
      <object>custbody_my_import_declaration_num</object>
      <object>custcol_9997_dd_file_format</object>
      <object>custcol_counterparty_vat</object>
      <object>custbody_sii_registration_code</object>
      <object>custbody_nsts_gaw_basetotal_debit_amt</object>
      <object>custbody_establishment_code</object>
      <object>custbody_nsts_gaw_is_delegated</object>
      <object>custbody_sii_not_reported_in_time</object>
      <object>customlist_ncfar_assetstatus</object>
      <object>custcol_far_trn_relatedasset</object>
      <object>custbody_document_date</object>
      <object>custcol_sii_exempt_line_details</object>
      <object>custbody_9997_pfa_record</object>
      <object>custbody_esc_last_modified_date</object>
      <object>custbody_regime_code_of_supply</object>
      <object>custbody_sii_is_third_party</object>
      <object>custbody_sii_invoice_date</object>
      <object>custbody_stc_amount_after_discount</object>
      <object>custbody_sii_registration_msg</object>
      <object>custbody_nsts_gaw_next_role_approvers</object>
      <object>custcol_establishment_code</object>
      <object>custbody_sii_accounting_date</object>
      <object>custcol_statistical_value</object>
      <object>custcol_sii_annual_prorate</object>
      <object>custbody_fam_jrn_reversal_date</object>
      <object>custbody_4110_customregnum</object>
      <object>custcol_atlas_sw_itemterm</object>
      <object>custbody_sii_ref_no</object>
      <object>custbody_nsts_gaw_total_debit_amt</object>
      <object>custbody_sii_article_72_73</object>
      <object>custbody_nsts_gaw_next_approvers</object>
      <object>custcol_sii_service_date</object>
      <object>custbody_nsts_gaw_tran_requestor</object>
      <object>custbody_4599_sg_import_permit_num</object>
      <object>custbody_delivery_terms</object>
      <object>custcol_2663_eft_file_format</object>
      <object>custbody_sii_external_reference</object>
      <object>custbody_itr_doc_number</object>
      <object>custbody_2663_reference_num</object>
      <object>custcol_statistical_procedure_purc</object>
      <object>custbody_transaction_region</object>
      <object>custbody_fam_jrn_reversal_no</object>
      <object>custbody_nondeductible_ref_genjrnl</object>
      <object>custbody_mode_of_transport</object>
      <object>custbody_esc_created_date</object>
      <object>custcol_atlas_contract_start_date</object>
      <object>custtab_16_3776644_208</object>
      <object>custbody_sii_article_61d</object>
      <object>custbody_sii_orig_bill</object>
      <object>custbody_nondeductible_processed</object>
      <object>custbody_sii_received_inv_type</object>
      <object>custbody_counterparty_vat</object>
      <object>custbody_refno_originvoice</object>
      <object>custtab_49_t1221897_664</object>
      <object>custbody_11724_pay_bank_fees</object>
      <object>custtab_2_3838944_108</object>
      <object>custcol_expense_code_of_supply</object>
      <object>custbody_9997_is_for_ep_eft</object>
      <object>custbody_nsts_gaw_next_approver</object>
      <object>custbody_sii_issued_inv_type</object>
      <object>custbody_sii_registration_status</object>
      <object>custbody_sii_correction_type</object>
      <object>custcol_nsts_gaw_col_approver</object>
      <object>custbody_sii_operation_date</object>
      <object>custbody_notc</object>
      <object>customsearch_esc_my_leads</object>
    </objects>
    <files>
      <file>/SuiteScripts/sdf_pipeline_ss.js</file>
      <file>/SuiteScripts/sdf_pipeline_restlet.js</file>
      <file>/SuiteScripts/sdf_pipeline_mr.js</file>
      <file>/SuiteScripts/sdf_pipeline_suitelet.js</file>
      <file>/SuiteScripts/sdf_pipeline_cs.js</file>
    </files>
  </dependencies>
</manifest>