<crmcustomfield scriptid="custevent_sdf_crm_field">
  <accesslevel>2</accesslevel>
  <appliestoevent>F</appliestoevent>
  <appliestophonecall>T</appliestophonecall>
  <appliestotask>T</appliestotask>
  <applyformatting>F</applyformatting>
  <availableexternally>F</availableexternally>
  <checkspelling>F</checkspelling>
  <defaultchecked>F</defaultchecked>
  <defaultselection></defaultselection>
  <defaultvalue></defaultvalue>
  <description></description>
  <displayheight></displayheight>
  <displaytype>NORMAL</displaytype>
  <displaywidth></displaywidth>
  <dynamicdefault></dynamicdefault>
  <encryptatrest>F</encryptatrest>
  <fieldtype>MULTISELECT</fieldtype>
  <globalsearch>F</globalsearch>
  <help></help>
  <isformula>F</isformula>
  <ismandatory>F</ismandatory>
  <isparent>F</isparent>
  <label>SDF pipeline - CRM field</label>
  <linktext></linktext>
  <maxlength></maxlength>
  <maxvalue></maxvalue>
  <minvalue></minvalue>
  <onparentdelete>NO_ACTION</onparentdelete>
  <parentsubtab></parentsubtab>
  <searchcomparefield></searchcomparefield>
  <searchdefault></searchdefault>
  <searchlevel>2</searchlevel>
  <selectrecordtype>-112</selectrecordtype>
  <showhierarchy>T</showhierarchy>
  <showinlist>F</showinlist>
  <sourcefilterby></sourcefilterby>
  <sourcefrom></sourcefrom>
  <sourcelist></sourcelist>
  <storevalue>T</storevalue>
  <subtab></subtab>
</crmcustomfield>