<transactioncolumncustomfield scriptid="custcol_sdf_trans_line">
  <accesslevel>2</accesslevel>
  <applyformatting>F</applyformatting>
  <colexpense>T</colexpense>
  <colexpensereport>F</colexpensereport>
  <colgrouponinvoices>F</colgrouponinvoices>
  <colitemfulfillment>F</colitemfulfillment>
  <colitemfulfillmentorder>F</colitemfulfillmentorder>
  <colitemreceipt>F</colitemreceipt>
  <colitemreceiptorder>F</colitemreceiptorder>
  <coljournal>F</coljournal>
  <colkititem>F</colkititem>
  <colopportunity>T</colopportunity>
  <colpackingslip>F</colpackingslip>
  <colpickingticket>F</colpickingticket>
  <colprintflag>F</colprintflag>
  <colpurchase>T</colpurchase>
  <colreturnform>F</colreturnform>
  <colsale>F</colsale>
  <colstorewithgroups>F</colstorewithgroups>
  <defaultchecked>F</defaultchecked>
  <defaultselection></defaultselection>
  <defaultvalue></defaultvalue>
  <description></description>
  <displayheight></displayheight>
  <displaytype>NORMAL</displaytype>
  <displaywidth></displaywidth>
  <dynamicdefault></dynamicdefault>
  <encryptatrest>F</encryptatrest>
  <fieldtype>INLINEHTML</fieldtype>
  <help></help>
  <isformula>F</isformula>
  <ismandatory>F</ismandatory>
  <label>SDF pipeline - Transaction Line Field</label>
  <linktext></linktext>
  <maxlength></maxlength>
  <maxvalue></maxvalue>
  <minvalue></minvalue>
  <onparentdelete></onparentdelete>
  <searchlevel>2</searchlevel>
  <selectrecordtype></selectrecordtype>
  <showhierarchy>F</showhierarchy>
  <sourcefilterby></sourcefilterby>
  <sourcefrom></sourcefrom>
  <sourcelist></sourcelist>
  <storevalue>F</storevalue>
</transactioncolumncustomfield>