<othercustomfield scriptid="custrecord_sdf_otherrecord_field">
  <accesslevel>2</accesslevel>
  <applyformatting>F</applyformatting>
  <checkspelling>F</checkspelling>
  <defaultchecked>F</defaultchecked>
  <defaultselection></defaultselection>
  <defaultvalue></defaultvalue>
  <description></description>
  <displayheight></displayheight>
  <displaytype>NORMAL</displaytype>
  <displaywidth></displaywidth>
  <dynamicdefault></dynamicdefault>
  <encryptatrest>F</encryptatrest>
  <fieldtype>SELECT</fieldtype>
  <help></help>
  <isformula>F</isformula>
  <ismandatory>F</ismandatory>
  <label>SDF piepline Other Record field</label>
  <linktext></linktext>
  <maxlength></maxlength>
  <maxvalue></maxvalue>
  <minvalue></minvalue>
  <onparentdelete>NO_ACTION</onparentdelete>
  <rectype>-117</rectype>
  <searchcomparefield></searchcomparefield>
  <searchdefault></searchdefault>
  <searchlevel>2</searchlevel>
  <selectrecordtype>[scriptid=customlist_ncfar_assetstatus]</selectrecordtype>
  <showhierarchy>F</showhierarchy>
  <showinlist>T</showinlist>
  <sourcefilterby></sourcefilterby>
  <sourcefrom></sourcefrom>
  <sourcelist></sourcelist>
  <storevalue>T</storevalue>
</othercustomfield>