<entitycustomfield scriptid="custentity_sdf_entity_field">
  <accesslevel>2</accesslevel>
  <appliestocontact>F</appliestocontact>
  <appliestocustomer>T</appliestocustomer>
  <appliestoemployee>T</appliestoemployee>
  <appliestogroup>F</appliestogroup>
  <appliestoothername>F</appliestoothername>
  <appliestopartner>F</appliestopartner>
  <appliestopricelist>F</appliestopricelist>
  <appliestoprojecttemplate>F</appliestoprojecttemplate>
  <appliestostatement>F</appliestostatement>
  <appliestovendor>T</appliestovendor>
  <applyformatting>F</applyformatting>
  <availableexternally>F</availableexternally>
  <checkspelling>F</checkspelling>
  <defaultchecked>F</defaultchecked>
  <defaultselection></defaultselection>
  <defaultvalue></defaultvalue>
  <description></description>
  <displayheight></displayheight>
  <displaytype>NORMAL</displaytype>
  <displaywidth></displaywidth>
  <dynamicdefault></dynamicdefault>
  <encryptatrest>F</encryptatrest>
  <fieldtype>TEXT</fieldtype>
  <globalsearch>F</globalsearch>
  <help></help>
  <isformula>F</isformula>
  <ismandatory>F</ismandatory>
  <isparent>F</isparent>
  <label>SDF-pipeline-Entity field</label>
  <linktext></linktext>
  <maxlength></maxlength>
  <maxvalue></maxvalue>
  <minvalue></minvalue>
  <onparentdelete></onparentdelete>
  <parentsubtab></parentsubtab>
  <searchcomparefield></searchcomparefield>
  <searchdefault></searchdefault>
  <searchlevel>2</searchlevel>
  <selectrecordtype></selectrecordtype>
  <showhierarchy>F</showhierarchy>
  <showinlist>F</showinlist>
  <sourcefilterby></sourcefilterby>
  <sourcefrom></sourcefrom>
  <sourcelist></sourcelist>
  <storevalue>T</storevalue>
  <subtab></subtab>
</entitycustomfield>