<itemcustomfield scriptid="custitem_sdf_item_field">
  <accesslevel>2</accesslevel>
  <appliestogroup>F</appliestogroup>
  <appliestokit>F</appliestokit>
  <appliestononinventory>T</appliestononinventory>
  <appliestoothercharge>F</appliestoothercharge>
  <appliestopricelist>F</appliestopricelist>
  <appliestoservice>F</appliestoservice>
  <appliestospecificitems>F</appliestospecificitems>
  <appliestosubplan>F</appliestosubplan>
  <applyformatting>F</applyformatting>
  <checkspelling>F</checkspelling>
  <defaultchecked>F</defaultchecked>
  <defaultselection></defaultselection>
  <defaultvalue></defaultvalue>
  <description></description>
  <displayheight></displayheight>
  <displaytype>NORMAL</displaytype>
  <displaywidth></displaywidth>
  <dynamicdefault></dynamicdefault>
  <encryptatrest>F</encryptatrest>
  <fieldtype>TIMEOFDAY</fieldtype>
  <globalsearch>F</globalsearch>
  <help></help>
  <includechilditems>F</includechilditems>
  <isformula>F</isformula>
  <ismandatory>F</ismandatory>
  <isparent>F</isparent>
  <itemsubtype>BOTH</itemsubtype>
  <label>SDF pipeline - Item Field</label>
  <linktext></linktext>
  <maxlength></maxlength>
  <maxvalue></maxvalue>
  <minvalue></minvalue>
  <onparentdelete></onparentdelete>
  <parentsubtab></parentsubtab>
  <searchcomparefield></searchcomparefield>
  <searchdefault></searchdefault>
  <searchlevel>2</searchlevel>
  <selectrecordtype></selectrecordtype>
  <showhierarchy>F</showhierarchy>
  <showinlist>T</showinlist>
  <sourcefilterby></sourcefilterby>
  <sourcefrom></sourcefrom>
  <sourcelist></sourcelist>
  <storevalue>T</storevalue>
  <subtab></subtab>
</itemcustomfield>