<customlist scriptid="customlist_sdf_list">
  <description></description>
  <isinactive>F</isinactive>
  <isordered>T</isordered>
  <name>SDF pipeline list</name>
  <customvalues>
    <customvalue scriptid="val_92525_t2329601_716">
      <isinactive>F</isinactive>
      <value>Alex</value>
    </customvalue>
    <customvalue scriptid="val_92526_t2329601_296">
      <isinactive>F</isinactive>
      <value>Ashish</value>
    </customvalue>
    <customvalue scriptid="val_92527_t2329601_729">
      <isinactive>F</isinactive>
      <value>Anshul</value>
    </customvalue>
  </customvalues>
</customlist>