<transactionForm scriptid="custform_202_t2329601_660" standard="STANDARDVENDORBILL">
  <name>SDF Vendor Bill Form</name>
  <recordType>VENDORBILL</recordType>
  <inactive>F</inactive>
  <preferred>T</preferred>
  <storedWithRecord>T</storedWithRecord>
  <mainFields>
    <fieldGroup scriptid="primaryinformation">
      <label>Primary Information</label>
      <visible>T</visible>
      <showTitle>T</showTitle>
      <singleColumn>F</singleColumn>
      <fields position="MIDDLE">
        <field>
          <id>TRANSACTIONNUMBER</id>
          <label>Vendor Bill #</label>
          <visible>T</visible>
          <mandatory>F</mandatory>
          <displayType>NORMAL</displayType>
          <columnBreak>F</columnBreak>
          <sameRowAsPrevious>F</sameRowAsPrevious>
        </field>
        <field>
          <id>TRANID</id>
          <label>Reference No.</label>
          <visible>T</visible>
          <mandatory>F</mandatory>
          <displayType>NORMAL</displayType>
          <columnBreak>F</columnBreak>
          <sameRowAsPrevious>F</sameRowAsPrevious>
        </field>
        <field>
          <id>ENTITY</id>
          <label>Vendor</label>
          <visible>T</visible>
          <mandatory>T</mandatory>
          <displayType>NORMAL</displayType>
          <columnBreak>F</columnBreak>
          <sameRowAsPrevious>F</sameRowAsPrevious>
        </field>
        <field>
          <id>SUBSIDIARY</id>
          <label>Subsidiary</label>
          <visible>T</visible>
          <mandatory>F</mandatory>
          <displayType>NORMAL</displayType>
          <columnBreak>F</columnBreak>
          <sameRowAsPrevious>F</sameRowAsPrevious>
        </field>
        <field>
          <id>LOCATION</id>
          <label>Location</label>
          <visible>T</visible>
          <mandatory>F</mandatory>
          <displayType>NORMAL</displayType>
          <columnBreak>F</columnBreak>
          <sameRowAsPrevious>F</sameRowAsPrevious>
        </field>
        <field>
          <id>ACCOUNT</id>
          <label>Account</label>
          <visible>T</visible>
          <mandatory>F</mandatory>
          <displayType>NORMAL</displayType>
          <columnBreak>T</columnBreak>
          <sameRowAsPrevious>F</sameRowAsPrevious>
        </field>
        <field>
          <id>CURRENCY</id>
          <label>Currency</label>
          <visible>T</visible>
          <mandatory>T</mandatory>
          <displayType>NORMAL</displayType>
          <columnBreak>F</columnBreak>
          <sameRowAsPrevious>F</sameRowAsPrevious>
        </field>
        <field>
          <id>MEMO</id>
          <label>Memo</label>
          <visible>T</visible>
          <mandatory>F</mandatory>
          <displayType>NORMAL</displayType>
          <columnBreak>F</columnBreak>
          <sameRowAsPrevious>F</sameRowAsPrevious>
        </field>
        <field>
          <id>EXCHANGERATE</id>
          <label>Exchange Rate</label>
          <visible>F</visible>
          <mandatory>T</mandatory>
          <displayType>NORMAL</displayType>
          <columnBreak>F</columnBreak>
          <sameRowAsPrevious>F</sameRowAsPrevious>
        </field>
        <field>
          <id>TOTAL</id>
          <label>Amount</label>
          <visible>T</visible>
          <mandatory>F</mandatory>
          <displayType>NORMAL</displayType>
          <columnBreak>F</columnBreak>
          <sameRowAsPrevious>F</sameRowAsPrevious>
        </field>
        <field>
          <id>PAYMENTHOLD</id>
          <label>Payment Hold</label>
          <visible>T</visible>
          <mandatory>F</mandatory>
          <displayType>NORMAL</displayType>
          <columnBreak>F</columnBreak>
          <sameRowAsPrevious>F</sameRowAsPrevious>
        </field>
        <field>
          <id>CREDITLIMIT</id>
          <label>Credit Limit</label>
          <visible>F</visible>
          <mandatory>F</mandatory>
          <displayType>NORMAL</displayType>
          <columnBreak>F</columnBreak>
          <sameRowAsPrevious>F</sameRowAsPrevious>
        </field>
        <field>
          <id>AVAILABLEVENDORCREDIT</id>
          <label>Available Vendor Credit</label>
          <visible>F</visible>
          <mandatory>F</mandatory>
          <displayType>NORMAL</displayType>
          <columnBreak>F</columnBreak>
          <sameRowAsPrevious>F</sameRowAsPrevious>
        </field>
        <field>
          <id>VATREGNUM</id>
          <label>Tax ID</label>
          <visible>T</visible>
          <mandatory>F</mandatory>
          <displayType>NORMAL</displayType>
          <columnBreak>F</columnBreak>
          <sameRowAsPrevious>F</sameRowAsPrevious>
        </field>
        <field>
          <id>TAXTOTAL</id>
          <label>Tax</label>
          <visible>T</visible>
          <mandatory>F</mandatory>
          <displayType>NORMAL</displayType>
          <columnBreak>F</columnBreak>
          <sameRowAsPrevious>F</sameRowAsPrevious>
        </field>
        <field>
          <id>TAX2TOTAL</id>
          <label>PST</label>
          <visible>T</visible>
          <mandatory>F</mandatory>
          <displayType>NORMAL</displayType>
          <columnBreak>F</columnBreak>
          <sameRowAsPrevious>T</sameRowAsPrevious>
        </field>
        <field>
          <id>DISCOUNTAMOUNT</id>
          <label>Disc. Amt.</label>
          <visible>F</visible>
          <mandatory>F</mandatory>
          <displayType>DISABLED</displayType>
          <columnBreak>F</columnBreak>
          <sameRowAsPrevious>F</sameRowAsPrevious>
        </field>
        <field>
          <id>DISCOUNTDATE</id>
          <label>Disc. Date</label>
          <visible>F</visible>
          <mandatory>F</mandatory>
          <displayType>DISABLED</displayType>
          <columnBreak>F</columnBreak>
          <sameRowAsPrevious>F</sameRowAsPrevious>
        </field>
        <field>
          <id>TRANDATE</id>
          <label>Date</label>
          <visible>T</visible>
          <mandatory>T</mandatory>
          <displayType>NORMAL</displayType>
          <columnBreak>T</columnBreak>
          <sameRowAsPrevious>F</sameRowAsPrevious>
        </field>
        <field>
          <id>POSTINGPERIOD</id>
          <label>Posting Period</label>
          <visible>T</visible>
          <mandatory>T</mandatory>
          <displayType>NORMAL</displayType>
          <columnBreak>F</columnBreak>
          <sameRowAsPrevious>F</sameRowAsPrevious>
        </field>
        <field>
          <id>DUEDATE</id>
          <label>Due Date</label>
          <visible>T</visible>
          <mandatory>F</mandatory>
          <displayType>NORMAL</displayType>
          <columnBreak>F</columnBreak>
          <sameRowAsPrevious>F</sameRowAsPrevious>
        </field>
        <field>
          <id>APPROVALSTATUS</id>
          <label>Approval Status</label>
          <visible>T</visible>
          <mandatory>F</mandatory>
          <displayType>NORMAL</displayType>
          <columnBreak>F</columnBreak>
          <sameRowAsPrevious>F</sameRowAsPrevious>
        </field>
        <field>
          <id>CUSTOMFORM</id>
          <label>Form</label>
          <visible>T</visible>
          <mandatory>T</mandatory>
          <displayType>NORMAL</displayType>
          <columnBreak>F</columnBreak>
          <sameRowAsPrevious>F</sameRowAsPrevious>
        </field>
        <field>
          <id>NEXTAPPROVER</id>
          <label>Next Approver</label>
          <visible>F</visible>
          <mandatory>F</mandatory>
          <displayType>NORMAL</displayType>
          <columnBreak>F</columnBreak>
          <sameRowAsPrevious>F</sameRowAsPrevious>
        </field>
      </fields>
    </fieldGroup>
    <fieldGroup scriptid="classification">
      <label>Classification</label>
      <visible>T</visible>
      <showTitle>T</showTitle>
      <singleColumn>F</singleColumn>
      <fields position="MIDDLE">
        <field>
          <id>DEPARTMENT</id>
          <label>Department</label>
          <visible>F</visible>
          <mandatory>F</mandatory>
          <displayType>NORMAL</displayType>
          <columnBreak>F</columnBreak>
          <sameRowAsPrevious>F</sameRowAsPrevious>
        </field>
        <field>
          <id>CLASS</id>
          <label>Class</label>
          <visible>F</visible>
          <mandatory>F</mandatory>
          <displayType>NORMAL</displayType>
          <columnBreak>F</columnBreak>
          <sameRowAsPrevious>F</sameRowAsPrevious>
        </field>
      </fields>
    </fieldGroup>
    <fieldGroup scriptid="intercompanymanagement">
      <label>Intercompany Management</label>
      <visible>T</visible>
      <showTitle>T</showTitle>
      <singleColumn>F</singleColumn>
    </fieldGroup>
    <defaultFieldGroup>
      <fields position="MIDDLE">
        <field>
          <id>[scriptid=custbody_nsts_order_type]</id>
          <label>Order Type</label>
          <visible>F</visible>
          <mandatory>T</mandatory>
          <displayType>NORMAL</displayType>
          <columnBreak>F</columnBreak>
          <sameRowAsPrevious>F</sameRowAsPrevious>
        </field>
        <field>
          <id>EXCLUDEFROMGLNUMBERING</id>
          <label>Exclude from GL Audit Numbering</label>
          <visible>F</visible>
          <mandatory>F</mandatory>
          <displayType>NORMAL</displayType>
          <columnBreak>F</columnBreak>
          <sameRowAsPrevious>F</sameRowAsPrevious>
        </field>
        <field>
          <id>[scriptid=custbody_esc_created_date]</id>
          <label>Created Date</label>
          <visible>F</visible>
          <mandatory>F</mandatory>
          <displayType>INLINETEXT</displayType>
          <columnBreak>F</columnBreak>
          <sameRowAsPrevious>F</sameRowAsPrevious>
        </field>
        <field>
          <id>[scriptid=custbody_esc_last_modified_date]</id>
          <label>Last Modified Date</label>
          <visible>F</visible>
          <mandatory>F</mandatory>
          <displayType>INLINETEXT</displayType>
          <columnBreak>F</columnBreak>
          <sameRowAsPrevious>F</sameRowAsPrevious>
        </field>
        <field>
          <id>[scriptid=custbody_esc_campaign_category]</id>
          <label>Campaign Category</label>
          <visible>F</visible>
          <mandatory>F</mandatory>
          <displayType>NORMAL</displayType>
          <columnBreak>F</columnBreak>
          <sameRowAsPrevious>F</sameRowAsPrevious>
        </field>
        <field>
          <id>[scriptid=custbody_4599_sg_import_permit_num]</id>
          <label>Import Permit No.</label>
          <visible>T</visible>
          <mandatory>F</mandatory>
          <displayType>NORMAL</displayType>
          <columnBreak>F</columnBreak>
          <sameRowAsPrevious>F</sameRowAsPrevious>
        </field>
        <field>
          <id>[scriptid=custbody_document_date]</id>
          <label>Document Date</label>
          <visible>T</visible>
          <mandatory>F</mandatory>
          <displayType>NORMAL</displayType>
          <columnBreak>F</columnBreak>
          <sameRowAsPrevious>F</sameRowAsPrevious>
        </field>
        <field>
          <id>[scriptid=custbody_my_import_declaration_num]</id>
          <label>Import Declaration No.</label>
          <visible>T</visible>
          <mandatory>F</mandatory>
          <displayType>NORMAL</displayType>
          <columnBreak>F</columnBreak>
          <sameRowAsPrevious>F</sameRowAsPrevious>
        </field>
        <field>
          <id>[scriptid=custbody_nsts_gaw_next_approver]</id>
          <label>Transaction Next Approver</label>
          <visible>F</visible>
          <mandatory>F</mandatory>
          <displayType>NORMAL</displayType>
          <columnBreak>F</columnBreak>
          <sameRowAsPrevious>F</sameRowAsPrevious>
        </field>
        <field>
          <id>[scriptid=custbody_nsts_gaw_apprvl_status]</id>
          <label>Transaction Approval Status</label>
          <visible>F</visible>
          <mandatory>F</mandatory>
          <displayType>NORMAL</displayType>
          <columnBreak>F</columnBreak>
          <sameRowAsPrevious>F</sameRowAsPrevious>
        </field>
        <field>
          <id>[scriptid=custbody_nsts_gaw_basetotal_debit_amt]</id>
          <label>Total Debit Amount (Base)</label>
          <visible>F</visible>
          <mandatory>F</mandatory>
          <displayType>NORMAL</displayType>
          <columnBreak>F</columnBreak>
          <sameRowAsPrevious>F</sameRowAsPrevious>
        </field>
        <field>
          <id>[scriptid=custbody_nsts_gaw_is_delegated]</id>
          <label>Is Delegated</label>
          <visible>T</visible>
          <mandatory>F</mandatory>
          <displayType>NORMAL</displayType>
          <columnBreak>F</columnBreak>
          <sameRowAsPrevious>F</sameRowAsPrevious>
          <checkBoxDefault>USE_FIELD_DEFAULT</checkBoxDefault>
        </field>
        <field>
          <id>[scriptid=custbody_nsts_gaw_tran_requestor]</id>
          <label>Requestor</label>
          <visible>T</visible>
          <mandatory>F</mandatory>
          <displayType>NORMAL</displayType>
          <columnBreak>F</columnBreak>
          <sameRowAsPrevious>F</sameRowAsPrevious>
        </field>
        <field>
          <id>[scriptid=custbody_fam_jrn_reversal_date]</id>
          <label>Reversal Date</label>
          <visible>F</visible>
          <mandatory>F</mandatory>
          <displayType>NORMAL</displayType>
          <columnBreak>F</columnBreak>
          <sameRowAsPrevious>F</sameRowAsPrevious>
        </field>
        <field>
          <id>[scriptid=custbody_fam_jrn_reversal_no]</id>
          <label>Reversal Number</label>
          <visible>F</visible>
          <mandatory>F</mandatory>
          <displayType>INLINETEXT</displayType>
          <columnBreak>F</columnBreak>
          <sameRowAsPrevious>F</sameRowAsPrevious>
        </field>
        <field>
          <id>[scriptid=custbody_2663_reference_num]</id>
          <label>ACH/EFT Reference No.</label>
          <visible>F</visible>
          <mandatory>F</mandatory>
          <displayType>NORMAL</displayType>
          <columnBreak>F</columnBreak>
          <sameRowAsPrevious>F</sameRowAsPrevious>
        </field>
        <field>
          <id>[scriptid=custbody_9997_is_for_ep_eft]</id>
          <label>For Electronic Bank Payment</label>
          <visible>F</visible>
          <mandatory>F</mandatory>
          <displayType>NORMAL</displayType>
          <columnBreak>F</columnBreak>
          <sameRowAsPrevious>F</sameRowAsPrevious>
          <checkBoxDefault>USE_FIELD_DEFAULT</checkBoxDefault>
        </field>
        <field>
          <id>[scriptid=custbody_11724_pay_bank_fees]</id>
          <label>Vendor Bank Fees</label>
          <visible>F</visible>
          <mandatory>F</mandatory>
          <displayType>DISABLED</displayType>
          <columnBreak>F</columnBreak>
          <sameRowAsPrevious>F</sameRowAsPrevious>
          <checkBoxDefault>USE_FIELD_DEFAULT</checkBoxDefault>
        </field>
      </fields>
    </defaultFieldGroup>
  </mainFields>
  <tabs>
    <tab>
      <id>TRANSACTIONITEMS</id>
      <label>Expenses and Items</label>
      <visible>T</visible>
      <fieldGroups>
        <defaultFieldGroup/>
      </fieldGroups>
      <subItems>
        <subList>
          <id>EXPENSE</id>
          <label>Expense</label>
          <visible>T</visible>
          <neverEmpty>false</neverEmpty>
          <columns>
            <column>
              <id>CATEGORY</id>
              <label>Category</label>
              <visible>T</visible>
            </column>
            <column>
              <id>ACCOUNT</id>
              <label>Account</label>
              <visible>T</visible>
            </column>
            <column>
              <id>AMOUNT</id>
              <label>Amount</label>
              <visible>T</visible>
            </column>
            <column>
              <id>TAXCODE</id>
              <label>Tax Code</label>
              <visible>T</visible>
            </column>
            <column>
              <id>TAXRATE1</id>
              <label>Tax Rate</label>
              <visible>T</visible>
            </column>
            <column>
              <id>TAXRATE2</id>
              <label>PST</label>
              <visible>T</visible>
            </column>
            <column>
              <id>TAX1AMT</id>
              <label>Tax Amt</label>
              <visible>T</visible>
            </column>
            <column>
              <id>GROSSAMT</id>
              <label>Gross Amt</label>
              <visible>T</visible>
            </column>
            <column>
              <id>MEMO</id>
              <label>Memo</label>
              <visible>F</visible>
            </column>
            <column>
              <id>DEPARTMENT</id>
              <label>Department</label>
              <visible>T</visible>
            </column>
            <column>
              <id>CLASS</id>
              <label>Class</label>
              <visible>T</visible>
            </column>
            <column>
              <id>LOCATION</id>
              <label>Location</label>
              <visible>F</visible>
            </column>
            <column>
              <id>AMORTIZATIONSCHED</id>
              <label>Amort. Schedule</label>
              <visible>F</visible>
            </column>
            <column>
              <id>AMORTIZSTARTDATE</id>
              <label>Amort. Start</label>
              <visible>F</visible>
            </column>
            <column>
              <id>CUSTOMER</id>
              <label>Customer:Job</label>
              <visible>F</visible>
            </column>
            <column>
              <id>AMORTIZATIONENDDATE</id>
              <label>Amort. End</label>
              <visible>F</visible>
            </column>
            <column>
              <id>AMORTIZATIONRESIDUAL</id>
              <label>Residual</label>
              <visible>F</visible>
            </column>
            <column>
              <id>ISBILLABLE</id>
              <label>Billable</label>
              <visible>F</visible>
            </column>
            <column>
              <id>[scriptid=custcol_atlas_sw_itemterm]</id>
              <label>Term Type</label>
              <visible>F</visible>
            </column>
            <column>
              <id>[scriptid=custcol_atlas_contract_start_date]</id>
              <label>Start Date</label>
              <visible>F</visible>
            </column>
            <column>
              <id>[scriptid=custcol_atlas_contract_end_date]</id>
              <label>End Date</label>
              <visible>F</visible>
            </column>
            <column>
              <id>[scriptid=custcol_nondeductible_account]</id>
              <label>Expense Account</label>
              <visible>T</visible>
            </column>
            <column>
              <id>[scriptid=custcol_statistical_value]</id>
              <label>Statistical Value</label>
              <visible>F</visible>
            </column>
            <column>
              <id>[scriptid=custcol_5892_eutriangulation]</id>
              <label>EU Triangulation</label>
              <visible>F</visible>
            </column>
            <column>
              <id>[scriptid=custcol_expense_code_of_supply]</id>
              <label>Code of Supply</label>
              <visible>T</visible>
            </column>
            <column>
              <id>[scriptid=custcol_statistical_procedure_sale]</id>
              <label>Statistical Procedure for Sales</label>
              <visible>F</visible>
            </column>
            <column>
              <id>[scriptid=custcol_statistical_procedure_purc]</id>
              <label>Statistical Procedure for Purchases</label>
              <visible>F</visible>
            </column>
            <column>
              <id>[scriptid=custcol_emirate]</id>
              <label>Emirate</label>
              <visible>T</visible>
            </column>
            <column>
              <id>[scriptid=custcol_sii_annual_prorate]</id>
              <label>Annual Prorate</label>
              <visible>F</visible>
            </column>
            <column>
              <id>[scriptid=custcol_sii_service_date]</id>
              <label>Service Date</label>
              <visible>F</visible>
            </column>
            <column>
              <id>[scriptid=custcol_nsts_gaw_col_approver]</id>
              <label>Sample Column Approver</label>
              <visible>T</visible>
            </column>
            <column>
              <id>[scriptid=custcol_far_trn_relatedasset]</id>
              <label>Related Asset</label>
              <visible>T</visible>
            </column>
            <column>
              <id>[scriptid=custcol_2663_eft_file_format]</id>
              <label>EFT File Format</label>
              <visible>T</visible>
            </column>
            <column>
              <id>[scriptid=custcol_9997_dd_file_format]</id>
              <label>DD File Format</label>
              <visible>F</visible>
            </column>
            <column>
              <id>[scriptid=custcol_sii_exempt_line_details]</id>
              <label>Details of subject and exempt line</label>
              <visible>F</visible>
            </column>
            <column>
              <id>[scriptid=custcol_establishment_code]</id>
              <label>Establishment Code</label>
              <visible>F</visible>
            </column>
            <column>
              <id>[scriptid=custcol_counterparty_vat]</id>
              <label>Counterparty VAT Number</label>
              <visible>F</visible>
            </column>
            <column>
              <id>[scriptid=custcol_sdf_trans_line]</id>
              <label>SDF pipeline - Transaction Line Field</label>
              <visible>T</visible>
            </column>
          </columns>
        </subList>
        <subList>
          <id>ITEM</id>
          <label>Items</label>
          <visible>T</visible>
          <neverEmpty>false</neverEmpty>
          <columns>
            <column>
              <id>ITEM</id>
              <label>Item</label>
              <visible>T</visible>
            </column>
            <column>
              <id>VENDORNAME</id>
              <label>Vendor Name</label>
              <visible>F</visible>
            </column>
            <column>
              <id>QUANTITY</id>
              <label>Quantity</label>
              <visible>T</visible>
            </column>
            <column>
              <id>UNITS</id>
              <label>Units</label>
              <visible>T</visible>
            </column>
            <column>
              <id>DESCRIPTION</id>
              <label>Description</label>
              <visible>T</visible>
            </column>
            <column>
              <id>RATE</id>
              <label>Rate</label>
              <visible>T</visible>
            </column>
            <column>
              <id>AMOUNT</id>
              <label>Amount</label>
              <visible>T</visible>
            </column>
            <column>
              <id>TAXCODE</id>
              <label>Tax Code</label>
              <visible>T</visible>
            </column>
            <column>
              <id>TAXRATE1</id>
              <label>Tax Rate</label>
              <visible>T</visible>
            </column>
            <column>
              <id>TAXRATE2</id>
              <label>PST</label>
              <visible>T</visible>
            </column>
            <column>
              <id>TAX1AMT</id>
              <label>Tax Amt</label>
              <visible>T</visible>
            </column>
            <column>
              <id>GROSSAMT</id>
              <label>Gross Amt</label>
              <visible>T</visible>
            </column>
            <column>
              <id>OPTIONS</id>
              <label/>
              <visible>T</visible>
            </column>
            <column>
              <id>DEPARTMENT</id>
              <label>Department</label>
              <visible>T</visible>
            </column>
            <column>
              <id>CLASS</id>
              <label>Class</label>
              <visible>T</visible>
            </column>
            <column>
              <id>LOCATION</id>
              <label>Location</label>
              <visible>F</visible>
            </column>
            <column>
              <id>AMORTIZATIONSCHED</id>
              <label>Amort. Schedule</label>
              <visible>T</visible>
            </column>
            <column>
              <id>AMORTIZSTARTDATE</id>
              <label>Amort. Start</label>
              <visible>T</visible>
            </column>
            <column>
              <id>AMORTIZATIONENDDATE</id>
              <label>Amort. End</label>
              <visible>T</visible>
            </column>
            <column>
              <id>CUSTOMER</id>
              <label>Customer:Job</label>
              <visible>T</visible>
            </column>
            <column>
              <id>AMORTIZATIONRESIDUAL</id>
              <label>Residual</label>
              <visible>T</visible>
            </column>
            <column>
              <id>ISBILLABLE</id>
              <label>Billable</label>
              <visible>T</visible>
            </column>
            <column>
              <id>BILLRECEIPTS</id>
              <label>Receipts</label>
              <visible>F</visible>
            </column>
            <column>
              <id>BILLVARIANCESTATUS</id>
              <label>Bill Variance Status</label>
              <visible>F</visible>
            </column>
            <column>
              <id>GLNUMBER</id>
              <label>GL #</label>
              <visible>F</visible>
            </column>
            <column>
              <id>[scriptid=custcol_atlas_sw_itemterm]</id>
              <label>Term Type</label>
              <visible>F</visible>
            </column>
            <column>
              <id>GLSEQUENCE</id>
              <label>GL Audit Numbering Sequence</label>
              <visible>F</visible>
            </column>
            <column>
              <id>[scriptid=custcol_atlas_contract_start_date]</id>
              <label>Start Date</label>
              <visible>F</visible>
            </column>
            <column>
              <id>[scriptid=custcol_atlas_contract_end_date]</id>
              <label>End Date</label>
              <visible>F</visible>
            </column>
            <column>
              <id>[scriptid=custcol_nondeductible_account]</id>
              <label>Expense Account</label>
              <visible>T</visible>
            </column>
            <column>
              <id>[scriptid=custcol_statistical_value]</id>
              <label>Statistical Value</label>
              <visible>T</visible>
            </column>
            <column>
              <id>[scriptid=custcol_5892_eutriangulation]</id>
              <label>EU Triangulation</label>
              <visible>F</visible>
            </column>
            <column>
              <id>[scriptid=custcol_expense_code_of_supply]</id>
              <label>Code of Supply</label>
              <visible>F</visible>
            </column>
            <column>
              <id>[scriptid=custcol_statistical_procedure_sale]</id>
              <label>Statistical Procedure for Sales</label>
              <visible>F</visible>
            </column>
            <column>
              <id>[scriptid=custcol_statistical_procedure_purc]</id>
              <label>Statistical Procedure for Purchases</label>
              <visible>T</visible>
            </column>
            <column>
              <id>[scriptid=custcol_emirate]</id>
              <label>Emirate</label>
              <visible>T</visible>
            </column>
            <column>
              <id>[scriptid=custcol_sii_annual_prorate]</id>
              <label>Annual Prorate</label>
              <visible>T</visible>
            </column>
            <column>
              <id>[scriptid=custcol_sii_service_date]</id>
              <label>Service Date</label>
              <visible>T</visible>
            </column>
            <column>
              <id>[scriptid=custcol_nsts_gaw_col_approver]</id>
              <label>Sample Column Approver</label>
              <visible>T</visible>
            </column>
            <column>
              <id>[scriptid=custcol_far_trn_relatedasset]</id>
              <label>Related Asset</label>
              <visible>T</visible>
            </column>
            <column>
              <id>[scriptid=custcol_2663_eft_file_format]</id>
              <label>EFT File Format</label>
              <visible>T</visible>
            </column>
            <column>
              <id>[scriptid=custcol_9997_dd_file_format]</id>
              <label>DD File Format</label>
              <visible>F</visible>
            </column>
            <column>
              <id>[scriptid=custcol_sii_exempt_line_details]</id>
              <label>Details of subject and exempt line</label>
              <visible>F</visible>
            </column>
            <column>
              <id>[scriptid=custcol_establishment_code]</id>
              <label>Establishment Code</label>
              <visible>F</visible>
            </column>
            <column>
              <id>[scriptid=custcol_counterparty_vat]</id>
              <label>Counterparty VAT Number</label>
              <visible>F</visible>
            </column>
            <column>
              <id>[scriptid=custcol_sdf_trans_line]</id>
              <label>SDF pipeline - Transaction Line Field</label>
              <visible>T</visible>
            </column>
          </columns>
        </subList>
      </subItems>
    </tab>
    <tab>
      <id>TRANSACTIONBILLING</id>
      <label>Billing</label>
      <visible>T</visible>
      <fieldGroups>
        <defaultFieldGroup>
          <fields position="MIDDLE">
            <field>
              <id>BILLADDRESS</id>
              <label>Vendor</label>
              <visible>T</visible>
              <mandatory>F</mandatory>
              <displayType>NORMAL</displayType>
              <columnBreak>F</columnBreak>
              <sameRowAsPrevious>F</sameRowAsPrevious>
            </field>
            <field>
              <id>BILLADDRESSLIST</id>
              <label>Vendor Select</label>
              <visible>T</visible>
              <mandatory>F</mandatory>
              <displayType>NORMAL</displayType>
              <columnBreak>F</columnBreak>
              <sameRowAsPrevious>F</sameRowAsPrevious>
            </field>
            <field>
              <id>TERMS</id>
              <label>Terms</label>
              <visible>T</visible>
              <mandatory>F</mandatory>
              <displayType>NORMAL</displayType>
              <columnBreak>F</columnBreak>
              <sameRowAsPrevious>F</sameRowAsPrevious>
            </field>
            <field>
              <id>INCOTERM</id>
              <label>Incoterm</label>
              <visible>T</visible>
              <mandatory>F</mandatory>
              <displayType>NORMAL</displayType>
              <columnBreak>F</columnBreak>
              <sameRowAsPrevious>F</sameRowAsPrevious>
            </field>
            <field>
              <id>[scriptid=custbody_stc_amount_after_discount]</id>
              <label>Amount after discount</label>
              <visible>T</visible>
              <mandatory>F</mandatory>
              <displayType>DISABLED</displayType>
              <columnBreak>F</columnBreak>
              <sameRowAsPrevious>F</sameRowAsPrevious>
            </field>
            <field>
              <id>[scriptid=custbody_stc_tax_after_discount]</id>
              <label>Tax after discount</label>
              <visible>T</visible>
              <mandatory>F</mandatory>
              <displayType>DISABLED</displayType>
              <columnBreak>F</columnBreak>
              <sameRowAsPrevious>F</sameRowAsPrevious>
            </field>
            <field>
              <id>[scriptid=custbody_stc_total_after_discount]</id>
              <label>Total after discount</label>
              <visible>T</visible>
              <mandatory>F</mandatory>
              <displayType>DISABLED</displayType>
              <columnBreak>F</columnBreak>
              <sameRowAsPrevious>F</sameRowAsPrevious>
            </field>
          </fields>
        </defaultFieldGroup>
      </fieldGroups>
      <subItems/>
    </tab>
    <tab>
      <id>TRANSACTIONRELATIONSHIPS</id>
      <label>Relationships</label>
      <visible>T</visible>
      <fieldGroups>
        <defaultFieldGroup/>
      </fieldGroups>
      <subItems>
        <subList>
          <id>CRMCONTACTS</id>
          <label>Contacts</label>
          <visible>T</visible>
          <neverEmpty>false</neverEmpty>
        </subList>
      </subItems>
    </tab>
    <tab>
      <id>TRANSACTIONCOMMUNICATION</id>
      <label>Communication</label>
      <visible>T</visible>
      <fieldGroups>
        <defaultFieldGroup>
          <fields position="MIDDLE">
            <field>
              <id>[scriptid=custbody_atlas_block_col_email]</id>
              <label>Block Collection Email</label>
              <visible>F</visible>
              <mandatory>F</mandatory>
              <displayType>NORMAL</displayType>
              <columnBreak>F</columnBreak>
              <sameRowAsPrevious>F</sameRowAsPrevious>
              <checkBoxDefault>USE_FIELD_DEFAULT</checkBoxDefault>
            </field>
          </fields>
        </defaultFieldGroup>
      </fieldGroups>
      <subItems>
        <subList>
          <id>MESSAGES</id>
          <label>Messages</label>
          <visible>T</visible>
          <neverEmpty>false</neverEmpty>
        </subList>
        <subList>
          <id>ACTIVITIES</id>
          <label>Activities</label>
          <visible>T</visible>
          <neverEmpty>false</neverEmpty>
        </subList>
        <subList>
          <id>EVENTS</id>
          <label>Events</label>
          <visible>F</visible>
          <neverEmpty>false</neverEmpty>
        </subList>
        <subList>
          <id>TASKS</id>
          <label>Tasks</label>
          <visible>F</visible>
          <neverEmpty>false</neverEmpty>
        </subList>
        <subList>
          <id>CALLS</id>
          <label>Phone Calls</label>
          <visible>F</visible>
          <neverEmpty>false</neverEmpty>
        </subList>
        <subList>
          <id>MEDIAITEM</id>
          <label>Files</label>
          <visible>T</visible>
          <neverEmpty>false</neverEmpty>
        </subList>
        <subList>
          <id>USERNOTES</id>
          <label>User Notes</label>
          <visible>T</visible>
          <neverEmpty>false</neverEmpty>
        </subList>
      </subItems>
    </tab>
    <tab>
      <id>TRANSACTIONRELATEDRECORDS</id>
      <label>Related Records</label>
      <visible>T</visible>
      <fieldGroups>
        <defaultFieldGroup/>
      </fieldGroups>
      <subItems>
        <subList>
          <id>LINKS</id>
          <label>Payments</label>
          <visible>T</visible>
          <neverEmpty>false</neverEmpty>
        </subList>
        <subList>
          <id>PURCHASEORDERS</id>
          <label>Purchase Orders</label>
          <visible>T</visible>
          <neverEmpty>false</neverEmpty>
        </subList>
        <subList>
          <id>REIMBURSEMENTS</id>
          <label>Reimbursements</label>
          <visible>T</visible>
          <neverEmpty>false</neverEmpty>
        </subList>
      </subItems>
    </tab>
    <tab>
      <id>TRANSACTIONSYSTEMINFORMATION</id>
      <label>System Information</label>
      <visible>T</visible>
      <fieldGroups>
        <defaultFieldGroup/>
      </fieldGroups>
      <subItems>
        <subList>
          <id>SYSTEMNOTES</id>
          <label>System Notes</label>
          <visible>T</visible>
          <neverEmpty>false</neverEmpty>
        </subList>
        <subList>
          <id>ACTIVEWORKFLOWS</id>
          <label>Active Workflows</label>
          <visible>T</visible>
          <neverEmpty>false</neverEmpty>
        </subList>
        <subList>
          <id>WORKFLOWHISTORY</id>
          <label>Workflow History</label>
          <visible>T</visible>
          <neverEmpty>false</neverEmpty>
        </subList>
      </subItems>
    </tab>
    <tab>
      <id>CUSTOM</id>
      <label>Custom</label>
      <visible>T</visible>
      <fieldGroups>
        <defaultFieldGroup>
          <fields position="MIDDLE">
            <field>
              <id>[scriptid=custbody_nsts_gaw_total_debit_amt]</id>
              <label>Total Debit Amount</label>
              <visible>F</visible>
              <mandatory>F</mandatory>
              <displayType>INLINETEXT</displayType>
              <columnBreak>F</columnBreak>
              <sameRowAsPrevious>F</sameRowAsPrevious>
            </field>
            <field>
              <id>[scriptid=custbody_nsts_gaw_next_approvers]</id>
              <label>Next Approver/s</label>
              <visible>T</visible>
              <mandatory>F</mandatory>
              <displayType>INLINETEXT</displayType>
              <columnBreak>F</columnBreak>
              <sameRowAsPrevious>F</sameRowAsPrevious>
            </field>
            <field>
              <id>[scriptid=custbody_nsts_gaw_next_role_approvers]</id>
              <label>Next Role Approver</label>
              <visible>T</visible>
              <mandatory>F</mandatory>
              <displayType>INLINETEXT</displayType>
              <columnBreak>F</columnBreak>
              <sameRowAsPrevious>F</sameRowAsPrevious>
            </field>
            <field>
              <id>[scriptid=custbody_nsts_gaw_rejection_reason]</id>
              <label>Rejection Reason</label>
              <visible>T</visible>
              <mandatory>F</mandatory>
              <displayType>INLINETEXT</displayType>
              <columnBreak>F</columnBreak>
              <sameRowAsPrevious>F</sameRowAsPrevious>
            </field>
            <field>
              <id>[scriptid=custbody_9997_pfa_record]</id>
              <label>PFA Record</label>
              <visible>F</visible>
              <mandatory>F</mandatory>
              <displayType>INLINETEXT</displayType>
              <columnBreak>F</columnBreak>
              <sameRowAsPrevious>F</sameRowAsPrevious>
            </field>
            <field>
              <id>[scriptid=custbody_sdf_body_field]</id>
              <label>SDF pipeline - Body Field</label>
              <visible>F</visible>
              <mandatory>F</mandatory>
              <displayType>NORMAL</displayType>
              <columnBreak>F</columnBreak>
              <sameRowAsPrevious>F</sameRowAsPrevious>
            </field>
          </fields>
        </defaultFieldGroup>
      </fieldGroups>
      <subItems/>
    </tab>
    <tab>
      <id>GLIMPACTTAB</id>
      <label>GL Impact</label>
      <visible>F</visible>
      <fieldGroups>
        <defaultFieldGroup/>
      </fieldGroups>
      <subItems>
        <subList>
          <id>GLIMPACTCHANGES</id>
          <label>GL Impact Changes</label>
          <visible>T</visible>
          <neverEmpty>false</neverEmpty>
        </subList>
      </subItems>
    </tab>
    <tab>
      <id>[scriptid=custtab_2_3838944_108]</id>
      <label>Spain SII Reporting</label>
      <visible>T</visible>
      <fieldGroups>
        <defaultFieldGroup>
          <fields position="MIDDLE">
            <field>
              <id>[scriptid=custbody_sii_spcl_scheme_code_sales]</id>
              <label>Special Scheme Code or Effect on Invoices Issued</label>
              <visible>F</visible>
              <mandatory>F</mandatory>
              <displayType>NORMAL</displayType>
              <columnBreak>F</columnBreak>
              <sameRowAsPrevious>F</sameRowAsPrevious>
            </field>
            <field>
              <id>[scriptid=custbody_sii_spcl_scheme_code_purchase]</id>
              <label>Special Scheme Code or Effect on Invoices Received</label>
              <visible>T</visible>
              <mandatory>F</mandatory>
              <displayType>NORMAL</displayType>
              <columnBreak>F</columnBreak>
              <sameRowAsPrevious>F</sameRowAsPrevious>
            </field>
            <field>
              <id>[scriptid=custbody_sii_property_location]</id>
              <label>Property Location</label>
              <visible>F</visible>
              <mandatory>F</mandatory>
              <displayType>NORMAL</displayType>
              <columnBreak>F</columnBreak>
              <sameRowAsPrevious>F</sameRowAsPrevious>
            </field>
            <field>
              <id>[scriptid=custbody_sii_land_register]</id>
              <label>Land register/Cadaster reference</label>
              <visible>F</visible>
              <mandatory>F</mandatory>
              <displayType>NORMAL</displayType>
              <columnBreak>F</columnBreak>
              <sameRowAsPrevious>F</sameRowAsPrevious>
            </field>
            <field>
              <id>[scriptid=custbody_sii_is_third_party]</id>
              <label>Issued By Third Party</label>
              <visible>F</visible>
              <mandatory>F</mandatory>
              <displayType>NORMAL</displayType>
              <columnBreak>F</columnBreak>
              <sameRowAsPrevious>F</sameRowAsPrevious>
              <checkBoxDefault>USE_FIELD_DEFAULT</checkBoxDefault>
            </field>
            <field>
              <id>[scriptid=custbody_sii_exempt_details]</id>
              <label>Details of subject and exempt transactions</label>
              <visible>F</visible>
              <mandatory>F</mandatory>
              <displayType>NORMAL</displayType>
              <columnBreak>F</columnBreak>
              <sameRowAsPrevious>F</sameRowAsPrevious>
            </field>
            <field>
              <id>[scriptid=custbody_sii_intra_txn_type]</id>
              <label>Intra-Community Transaction Type</label>
              <visible>T</visible>
              <mandatory>F</mandatory>
              <displayType>NORMAL</displayType>
              <columnBreak>F</columnBreak>
              <sameRowAsPrevious>F</sameRowAsPrevious>
            </field>
            <field>
              <id>[scriptid=custbody_sii_orig_invoice]</id>
              <label>Original Invoice</label>
              <visible>F</visible>
              <mandatory>F</mandatory>
              <displayType>NORMAL</displayType>
              <columnBreak>F</columnBreak>
              <sameRowAsPrevious>F</sameRowAsPrevious>
            </field>
            <field>
              <id>[scriptid=custbody_sii_registration_status]</id>
              <label>Registration Status</label>
              <visible>T</visible>
              <mandatory>F</mandatory>
              <displayType>INLINETEXT</displayType>
              <columnBreak>F</columnBreak>
              <sameRowAsPrevious>F</sameRowAsPrevious>
            </field>
            <field>
              <id>[scriptid=custbody_sii_registration_code]</id>
              <label>Registration Code</label>
              <visible>T</visible>
              <mandatory>F</mandatory>
              <displayType>INLINETEXT</displayType>
              <columnBreak>F</columnBreak>
              <sameRowAsPrevious>F</sameRowAsPrevious>
            </field>
            <field>
              <id>[scriptid=custbody_sii_correction_type]</id>
              <label>Correction Type</label>
              <visible>T</visible>
              <mandatory>F</mandatory>
              <displayType>NORMAL</displayType>
              <columnBreak>F</columnBreak>
              <sameRowAsPrevious>F</sameRowAsPrevious>
            </field>
            <field>
              <id>[scriptid=custbody_sii_ref_no]</id>
              <label>Reference No.</label>
              <visible>F</visible>
              <mandatory>F</mandatory>
              <displayType>NORMAL</displayType>
              <columnBreak>F</columnBreak>
              <sameRowAsPrevious>F</sameRowAsPrevious>
            </field>
            <field>
              <id>[scriptid=custbody_sii_orig_bill]</id>
              <label>Original Bill</label>
              <visible>T</visible>
              <mandatory>F</mandatory>
              <displayType>NORMAL</displayType>
              <columnBreak>F</columnBreak>
              <sameRowAsPrevious>F</sameRowAsPrevious>
            </field>
            <field>
              <id>[scriptid=custbody_sii_received_inv_type]</id>
              <label>Received Invoice Type</label>
              <visible>T</visible>
              <mandatory>F</mandatory>
              <displayType>NORMAL</displayType>
              <columnBreak>F</columnBreak>
              <sameRowAsPrevious>F</sameRowAsPrevious>
            </field>
            <field>
              <id>[scriptid=custbody_sii_operation_date]</id>
              <label>Operation Date</label>
              <visible>T</visible>
              <mandatory>F</mandatory>
              <displayType>NORMAL</displayType>
              <columnBreak>F</columnBreak>
              <sameRowAsPrevious>F</sameRowAsPrevious>
            </field>
            <field>
              <id>[scriptid=custbody_sii_invoice_date]</id>
              <label>Invoice Date</label>
              <visible>T</visible>
              <mandatory>F</mandatory>
              <displayType>NORMAL</displayType>
              <columnBreak>F</columnBreak>
              <sameRowAsPrevious>F</sameRowAsPrevious>
            </field>
            <field>
              <id>[scriptid=custbody_sii_registration_msg]</id>
              <label>Registration Message</label>
              <visible>T</visible>
              <mandatory>F</mandatory>
              <displayType>INLINETEXT</displayType>
              <columnBreak>F</columnBreak>
              <sameRowAsPrevious>F</sameRowAsPrevious>
            </field>
            <field>
              <id>[scriptid=custbody_sii_issued_inv_type]</id>
              <label>Issued Invoice Type</label>
              <visible>F</visible>
              <mandatory>F</mandatory>
              <displayType>NORMAL</displayType>
              <columnBreak>F</columnBreak>
              <sameRowAsPrevious>F</sameRowAsPrevious>
            </field>
            <field>
              <id>[scriptid=custbody_sii_accounting_date]</id>
              <label>Accounting Date</label>
              <visible>T</visible>
              <mandatory>F</mandatory>
              <displayType>NORMAL</displayType>
              <columnBreak>F</columnBreak>
              <sameRowAsPrevious>F</sameRowAsPrevious>
            </field>
            <field>
              <id>[scriptid=custbody_sii_external_reference]</id>
              <label>External Reference</label>
              <visible>T</visible>
              <mandatory>F</mandatory>
              <displayType>NORMAL</displayType>
              <columnBreak>F</columnBreak>
              <sameRowAsPrevious>F</sameRowAsPrevious>
            </field>
            <field>
              <id>[scriptid=custbody_sii_article_72_73]</id>
              <label>Simplified Invoice Article 7.2 7.3</label>
              <visible>T</visible>
              <mandatory>F</mandatory>
              <displayType>NORMAL</displayType>
              <columnBreak>F</columnBreak>
              <sameRowAsPrevious>F</sameRowAsPrevious>
              <checkBoxDefault>USE_FIELD_DEFAULT</checkBoxDefault>
            </field>
            <field>
              <id>[scriptid=custbody_sii_not_reported_in_time]</id>
              <label>Invoice Cannot Be Submitted On Time</label>
              <visible>T</visible>
              <mandatory>F</mandatory>
              <displayType>NORMAL</displayType>
              <columnBreak>F</columnBreak>
              <sameRowAsPrevious>F</sameRowAsPrevious>
              <checkBoxDefault>USE_FIELD_DEFAULT</checkBoxDefault>
            </field>
            <field>
              <id>[scriptid=custbody_sii_article_61d]</id>
              <label>Invoice With No Counterpart Article 6.1.d</label>
              <visible>F</visible>
              <mandatory>F</mandatory>
              <displayType>NORMAL</displayType>
              <columnBreak>F</columnBreak>
              <sameRowAsPrevious>F</sameRowAsPrevious>
              <checkBoxDefault>USE_FIELD_DEFAULT</checkBoxDefault>
            </field>
          </fields>
        </defaultFieldGroup>
      </fieldGroups>
      <subItems/>
    </tab>
    <tab>
      <id>[scriptid=custtab_16_3776644_208]</id>
      <label>Tax Reporting</label>
      <visible>T</visible>
      <fieldGroups>
        <defaultFieldGroup>
          <fields position="MIDDLE">
            <field>
              <id>[scriptid=custbody_adjustment_journal]</id>
              <label>Adjustment Journal</label>
              <visible>F</visible>
              <mandatory>F</mandatory>
              <displayType>INLINETEXT</displayType>
              <columnBreak>F</columnBreak>
              <sameRowAsPrevious>F</sameRowAsPrevious>
              <checkBoxDefault>USE_FIELD_DEFAULT</checkBoxDefault>
            </field>
            <field>
              <id>[scriptid=custbody_transaction_region]</id>
              <label>Region of Origin</label>
              <visible>T</visible>
              <mandatory>F</mandatory>
              <displayType>NORMAL</displayType>
              <columnBreak>F</columnBreak>
              <sameRowAsPrevious>F</sameRowAsPrevious>
            </field>
            <field>
              <id>[scriptid=custbody_nondeductible_ref_tran]</id>
              <label>Transactions with Non-Deductible Tax</label>
              <visible>F</visible>
              <mandatory>F</mandatory>
              <displayType>INLINETEXT</displayType>
              <columnBreak>F</columnBreak>
              <sameRowAsPrevious>F</sameRowAsPrevious>
            </field>
            <field>
              <id>[scriptid=custbody_nexus_notc]</id>
              <label>Nexus NOTC</label>
              <visible>T</visible>
              <mandatory>F</mandatory>
              <displayType>NORMAL</displayType>
              <columnBreak>F</columnBreak>
              <sameRowAsPrevious>F</sameRowAsPrevious>
            </field>
            <field>
              <id>[scriptid=custbody_delivery_terms]</id>
              <label>Delivery Terms</label>
              <visible>T</visible>
              <mandatory>F</mandatory>
              <displayType>NORMAL</displayType>
              <columnBreak>F</columnBreak>
              <sameRowAsPrevious>F</sameRowAsPrevious>
            </field>
            <field>
              <id>[scriptid=custbody_notc]</id>
              <label>Nature of Transaction Code</label>
              <visible>T</visible>
              <mandatory>F</mandatory>
              <displayType>NORMAL</displayType>
              <columnBreak>F</columnBreak>
              <sameRowAsPrevious>F</sameRowAsPrevious>
            </field>
            <field>
              <id>[scriptid=custbody_4110_customregnum]</id>
              <label>Customs Registration Number</label>
              <visible>F</visible>
              <mandatory>F</mandatory>
              <displayType>NORMAL</displayType>
              <columnBreak>F</columnBreak>
              <sameRowAsPrevious>F</sameRowAsPrevious>
            </field>
            <field>
              <id>[scriptid=custbody_nondeductible_ref_genjrnl]</id>
              <label>Non-Deductible Adjustment Journal</label>
              <visible>T</visible>
              <mandatory>F</mandatory>
              <displayType>INLINETEXT</displayType>
              <columnBreak>F</columnBreak>
              <sameRowAsPrevious>F</sameRowAsPrevious>
            </field>
            <field>
              <id>[scriptid=custbody_nondeductible_processed]</id>
              <label>Non-Deductible Tax Adjusted</label>
              <visible>T</visible>
              <mandatory>F</mandatory>
              <displayType>INLINETEXT</displayType>
              <columnBreak>F</columnBreak>
              <sameRowAsPrevious>F</sameRowAsPrevious>
              <checkBoxDefault>USE_FIELD_DEFAULT</checkBoxDefault>
            </field>
            <field>
              <id>[scriptid=custbody_mode_of_transport]</id>
              <label>Mode of Transport</label>
              <visible>T</visible>
              <mandatory>F</mandatory>
              <displayType>NORMAL</displayType>
              <columnBreak>F</columnBreak>
              <sameRowAsPrevious>F</sameRowAsPrevious>
            </field>
            <field>
              <id>[scriptid=custbody_regime_code_of_supply]</id>
              <label>Regime Code of Supply</label>
              <visible>F</visible>
              <mandatory>F</mandatory>
              <displayType>NORMAL</displayType>
              <columnBreak>F</columnBreak>
              <sameRowAsPrevious>F</sameRowAsPrevious>
            </field>
            <field>
              <id>[scriptid=custbody_cash_register]</id>
              <label>Cash Register</label>
              <visible>T</visible>
              <mandatory>F</mandatory>
              <displayType>NORMAL</displayType>
              <columnBreak>F</columnBreak>
              <sameRowAsPrevious>F</sameRowAsPrevious>
              <checkBoxDefault>USE_FIELD_DEFAULT</checkBoxDefault>
            </field>
            <field>
              <id>[scriptid=custbody_date_of_taxable_supply]</id>
              <label>Date of Taxable Supply</label>
              <visible>T</visible>
              <mandatory>F</mandatory>
              <displayType>NORMAL</displayType>
              <columnBreak>F</columnBreak>
              <sameRowAsPrevious>F</sameRowAsPrevious>
            </field>
            <field>
              <id>[scriptid=custbody_itr_doc_number]</id>
              <label>Document Number</label>
              <visible>F</visible>
              <mandatory>F</mandatory>
              <displayType>NORMAL</displayType>
              <columnBreak>F</columnBreak>
              <sameRowAsPrevious>F</sameRowAsPrevious>
            </field>
            <field>
              <id>[scriptid=custbody_refno_originvoice]</id>
              <label>Reference No. of Original Invoice</label>
              <visible>T</visible>
              <mandatory>F</mandatory>
              <displayType>NORMAL</displayType>
              <columnBreak>F</columnBreak>
              <sameRowAsPrevious>F</sameRowAsPrevious>
            </field>
            <field>
              <id>[scriptid=custbody_counterparty_vat]</id>
              <label>Counterparty VAT Number (2)</label>
              <visible>F</visible>
              <mandatory>F</mandatory>
              <displayType>NORMAL</displayType>
              <columnBreak>F</columnBreak>
              <sameRowAsPrevious>F</sameRowAsPrevious>
            </field>
          </fields>
        </defaultFieldGroup>
      </fieldGroups>
      <subItems/>
    </tab>
    <tab>
      <id>[scriptid=custtab_9_4533432_230]</id>
      <label>EFT</label>
      <visible>T</visible>
      <fieldGroups>
        <defaultFieldGroup>
          <fields position="MIDDLE">
            <field>
              <id>[scriptid=custbody_11187_pref_entity_bank]</id>
              <label>Preferred Entity Bank</label>
              <visible>F</visible>
              <mandatory>F</mandatory>
              <displayType>NORMAL</displayType>
              <columnBreak>F</columnBreak>
              <sameRowAsPrevious>F</sameRowAsPrevious>
            </field>
          </fields>
        </defaultFieldGroup>
      </fieldGroups>
      <subItems/>
    </tab>
    <tab>
      <id>[scriptid=custtab_49_t1221897_664]</id>
      <label>Approver List</label>
      <visible>T</visible>
      <fieldGroups>
        <defaultFieldGroup>
          <fields position="MIDDLE">
            <field>
              <id>[scriptid=custbody_nsts_gaw_created_by]</id>
              <label>Created by:</label>
              <visible>T</visible>
              <mandatory>F</mandatory>
              <displayType>INLINETEXT</displayType>
              <columnBreak>F</columnBreak>
              <sameRowAsPrevious>F</sameRowAsPrevious>
            </field>
            <field>
              <id>[scriptid=custbody_nsts_gaw_superapp_approved]</id>
              <label>Super Approver Approved</label>
              <visible>T</visible>
              <mandatory>F</mandatory>
              <displayType>DISABLED</displayType>
              <columnBreak>F</columnBreak>
              <sameRowAsPrevious>F</sameRowAsPrevious>
              <checkBoxDefault>USE_FIELD_DEFAULT</checkBoxDefault>
            </field>
            <field>
              <id>[scriptid=custbody_nsts_gaw_trans_org_amt]</id>
              <label>Transaction Original Amount</label>
              <visible>T</visible>
              <mandatory>F</mandatory>
              <displayType>INLINETEXT</displayType>
              <columnBreak>F</columnBreak>
              <sameRowAsPrevious>F</sameRowAsPrevious>
            </field>
          </fields>
        </defaultFieldGroup>
      </fieldGroups>
      <subItems/>
    </tab>
    <tab>
      <id>[scriptid=custtab_8_3838944_670]</id>
      <label>France Tax Reporting</label>
      <visible>T</visible>
      <fieldGroups>
        <defaultFieldGroup>
          <fields position="MIDDLE">
            <field>
              <id>[scriptid=custbody_establishment_code]</id>
              <label>Establishment Code (2)</label>
              <visible>F</visible>
              <mandatory>F</mandatory>
              <displayType>DISABLED</displayType>
              <columnBreak>F</columnBreak>
              <sameRowAsPrevious>F</sameRowAsPrevious>
            </field>
          </fields>
        </defaultFieldGroup>
      </fieldGroups>
      <subItems/>
    </tab>
  </tabs>
  <actionbar>
    <buttons>
      <button>
        <id>RETURN</id>
        <label>Authorize Return</label>
        <visible>T</visible>
      </button>
      <button>
        <id>AUTOFILL</id>
        <label>Auto Fill</label>
        <visible>T</visible>
      </button>
      <button>
        <id>CANCELBILL</id>
        <label>Cancel Bill</label>
        <visible>T</visible>
      </button>
      <button>
        <id>CREDIT</id>
        <label>Credit</label>
        <visible>T</visible>
      </button>
      <button>
        <id>PAYMENT</id>
        <label>Make Payment</label>
        <visible>T</visible>
      </button>
      <button>
        <id>RECALC</id>
        <label>Recalc</label>
        <visible>T</visible>
      </button>
      <button>
        <id>VIEWEXPENSEPLANS</id>
        <label>View Expense Plans</label>
        <visible>T</visible>
      </button>
    </buttons>
    <menu>
      <menuitem>
        <id>DELETE</id>
        <label>Delete</label>
        <visible>T</visible>
      </menuitem>
      <menuitem>
        <id>GLIMPACT</id>
        <label>GL Impact</label>
        <visible>T</visible>
      </menuitem>
      <menuitem>
        <id>GOTOREGISTER</id>
        <label>Go To Register</label>
        <visible>T</visible>
      </menuitem>
      <menuitem>
        <id>MAKECOPY</id>
        <label>Make Copy</label>
        <visible>T</visible>
      </menuitem>
      <menuitem>
        <id>MEMORIZE</id>
        <label>Memorize</label>
        <visible>T</visible>
      </menuitem>
      <menuitem>
        <id>NEW</id>
        <label>New</label>
        <visible>T</visible>
      </menuitem>
      <menuitem>
        <id>SUBMITNEW</id>
        <label>Save &amp; New</label>
        <visible>T</visible>
      </menuitem>
      <menuitem>
        <id>ACTIVITYHISTORY</id>
        <label>Show Activity</label>
        <visible>T</visible>
      </menuitem>
    </menu>
  </actionbar>
  <allowAddMultiple>T</allowAddMultiple>
</transactionForm>
