<role scriptid="customrole_sdf_role">
  <centertype>ACCOUNTCENTER</centertype>
  <employeerestriction>NONE</employeerestriction>
  <employeeviewingallowed>F</employeeviewingallowed>
  <issalesrole>F</issalesrole>
  <issupportrole>F</issupportrole>
  <iswebserviceonlyrole>F</iswebserviceonlyrole>
  <name>SDF custom role</name>
  <restrictbydevice>F</restrictbydevice>
  <restrictip>F</restrictip>
  <restricttimeandexpenses>F</restricttimeandexpenses>
  <permissions>
    <permission>
      <permkey>[scriptid=customrecord_11724_bank_fee_sched]</permkey>
      <permlevel>NONE</permlevel>
      <restriction></restriction>
    </permission>
  </permissions>
</role>