<workflow scriptid="customworkflow_sdf_workflow">
  <description></description>
  <initcontexts>ACTION|BANKCONNECTIVITY|BANKSTATEMENTPARSER|BUNDLEINSTALLATION|CLIENT|CSVIMPORT|CUSTOMGLLINES|CUSTOMMASSUPDATE|DEBUGGER|EMAILCAPTURE|FICONNECTIVITY|MAPREDUCE|OFFLINECLIENT|OTHER|PAYMENTPOSTBACK|PAYMENTGATEWAY|PLATFORMEXTENSION|PORTLET|PROMOTIONS|CONSOLRATEADJUSTOR|RESTWEBSERVICES|RESTLET|ADVANCEDREVREC|SCHEDULED|SDFINSTALLATION|SHIPPINGPARTNERS|WEBSERVICES|SUITELET|TAXCALCULATION|USEREVENT|USERINTERFACE|WORKFLOW</initcontexts>
  <initeventtypes>EDIT</initeventtypes>
  <initoncreate>F</initoncreate>
  <initonvieworupdate>T</initonvieworupdate>
  <initsavedsearchcondition>[scriptid=customsearch_esc_my_leads]</initsavedsearchcondition>
  <inittriggertype>AFTERSUBMIT</inittriggertype>
  <isinactive>F</isinactive>
  <islogenabled>F</islogenabled>
  <keephistory>ONLYWHENTESTING</keephistory>
  <name>SDF pipeline Workflow</name>
  <recordtypes>CUSTOMER</recordtypes>
  <releasestatus>RELEASED</releasestatus>
  <runasadmin>T</runasadmin>
  <initcondition>
    <formula></formula>
    <type>VISUAL_BUILDER</type>
  </initcondition>
  <workflowstates>
    <workflowstate scriptid="workflowstate237">
      <description></description>
      <donotexitworkflow>F</donotexitworkflow>
      <name>State 1</name>
      <positionx>243</positionx>
      <positiony>133</positiony>
    </workflowstate>
  </workflowstates>
</workflow>